[{"model": "admin.logentry", "pk": 1, "fields": {"action_time": "2022-03-04T02:28:57.784Z", "user": 1, "content_type": 4, "object_id": "1", "object_repr": "admin", "action_flag": 2, "change_message": "[{\"changed\": {\"fields\": [\"First name\"]}}]"}}, {"model": "admin.logentry", "pk": 2, "fields": {"action_time": "2022-03-04T07:56:39.030Z", "user": 1, "content_type": 9, "object_id": "1", "object_repr": "404400001", "action_flag": 3, "change_message": ""}}, {"model": "admin.logentry", "pk": 3, "fields": {"action_time": "2022-03-04T08:01:11.772Z", "user": 1, "content_type": 9, "object_id": "3", "object_repr": "0000001", "action_flag": 3, "change_message": ""}}, {"model": "admin.logentry", "pk": 4, "fields": {"action_time": "2022-03-04T08:01:11.780Z", "user": 1, "content_type": 9, "object_id": "2", "object_repr": "404400001", "action_flag": 3, "change_message": ""}}, {"model": "admin.logentry", "pk": 5, "fields": {"action_time": "2022-03-04T08:05:05.075Z", "user": 1, "content_type": 9, "object_id": "4", "object_repr": "0000001", "action_flag": 3, "change_message": ""}}, {"model": "admin.logentry", "pk": 6, "fields": {"action_time": "2022-03-04T08:06:32.418Z", "user": 1, "content_type": 9, "object_id": "5", "object_repr": "404400001", "action_flag": 3, "change_message": ""}}, {"model": "admin.logentry", "pk": 7, "fields": {"action_time": "2022-03-04T08:23:35.023Z", "user": 1, "content_type": 9, "object_id": "18", "object_repr": "404400013", "action_flag": 3, "change_message": ""}}, {"model": "admin.logentry", "pk": 8, "fields": {"action_time": "2022-03-04T08:23:35.038Z", "user": 1, "content_type": 9, "object_id": "17", "object_repr": "404400012", "action_flag": 3, "change_message": ""}}, {"model": "admin.logentry", "pk": 9, "fields": {"action_time": "2022-03-04T08:23:35.060Z", "user": 1, "content_type": 9, "object_id": "16", "object_repr": "404400011", "action_flag": 3, "change_message": ""}}, {"model": "admin.logentry", "pk": 10, "fields": {"action_time": "2022-03-04T08:23:35.069Z", "user": 1, "content_type": 9, "object_id": "15", "object_repr": "404400010", "action_flag": 3, "change_message": ""}}, {"model": "admin.logentry", "pk": 11, "fields": {"action_time": "2022-03-04T08:23:35.089Z", "user": 1, "content_type": 9, "object_id": "14", "object_repr": "404400009", "action_flag": 3, "change_message": ""}}, {"model": "admin.logentry", "pk": 12, "fields": {"action_time": "2022-03-04T08:23:35.098Z", "user": 1, "content_type": 9, "object_id": "13", "object_repr": "404400008", "action_flag": 3, "change_message": ""}}, {"model": "admin.logentry", "pk": 13, "fields": {"action_time": "2022-03-04T08:23:35.121Z", "user": 1, "content_type": 9, "object_id": "12", "object_repr": "404400007", "action_flag": 3, "change_message": ""}}, {"model": "admin.logentry", "pk": 14, "fields": {"action_time": "2022-03-04T08:23:35.136Z", "user": 1, "content_type": 9, "object_id": "11", "object_repr": "404400006", "action_flag": 3, "change_message": ""}}, {"model": "admin.logentry", "pk": 15, "fields": {"action_time": "2022-03-04T08:23:35.149Z", "user": 1, "content_type": 9, "object_id": "10", "object_repr": "404400005", "action_flag": 3, "change_message": ""}}, {"model": "admin.logentry", "pk": 16, "fields": {"action_time": "2022-03-04T08:23:35.165Z", "user": 1, "content_type": 9, "object_id": "9", "object_repr": "404400004", "action_flag": 3, "change_message": ""}}, {"model": "admin.logentry", "pk": 17, "fields": {"action_time": "2022-03-04T08:23:35.178Z", "user": 1, "content_type": 9, "object_id": "8", "object_repr": "404400003", "action_flag": 3, "change_message": ""}}, {"model": "admin.logentry", "pk": 18, "fields": {"action_time": "2022-03-04T08:23:35.198Z", "user": 1, "content_type": 9, "object_id": "7", "object_repr": "404400002", "action_flag": 3, "change_message": ""}}, {"model": "admin.logentry", "pk": 19, "fields": {"action_time": "2022-03-04T08:23:35.208Z", "user": 1, "content_type": 9, "object_id": "6", "object_repr": "404400001", "action_flag": 3, "change_message": ""}}, {"model": "admin.logentry", "pk": 20, "fields": {"action_time": "2022-03-04T08:28:58.941Z", "user": 1, "content_type": 9, "object_id": "22", "object_repr": "404400004", "action_flag": 3, "change_message": ""}}, {"model": "admin.logentry", "pk": 21, "fields": {"action_time": "2022-03-04T08:28:58.963Z", "user": 1, "content_type": 9, "object_id": "21", "object_repr": "404400003", "action_flag": 3, "change_message": ""}}, {"model": "admin.logentry", "pk": 22, "fields": {"action_time": "2022-03-04T08:28:58.972Z", "user": 1, "content_type": 9, "object_id": "20", "object_repr": "404400002", "action_flag": 3, "change_message": ""}}, {"model": "admin.logentry", "pk": 23, "fields": {"action_time": "2022-03-04T08:28:58.991Z", "user": 1, "content_type": 9, "object_id": "19", "object_repr": "404400001", "action_flag": 3, "change_message": ""}}, {"model": "admin.logentry", "pk": 24, "fields": {"action_time": "2022-03-04T08:29:26.066Z", "user": 1, "content_type": 9, "object_id": "23", "object_repr": "404400001", "action_flag": 3, "change_message": ""}}, {"model": "admin.logentry", "pk": 25, "fields": {"action_time": "2025-05-07T14:19:12.262Z", "user": 1, "content_type": 4, "object_id": "2", "object_repr": "alfred", "action_flag": 1, "change_message": "[{\"added\": {}}]"}}, {"model": "admin.logentry", "pk": 26, "fields": {"action_time": "2025-05-29T14:44:25.275Z", "user": 1, "content_type": 4, "object_id": "5", "object_repr": "alfredmm", "action_flag": 1, "change_message": "[{\"added\": {}}]"}}, {"model": "admin.logentry", "pk": 27, "fields": {"action_time": "2025-05-29T14:45:43.549Z", "user": 1, "content_type": 4, "object_id": "5", "object_repr": "alfredmm", "action_flag": 2, "change_message": "[{\"changed\": {\"fields\": [\"First name\", \"Last name\", \"Email address\"]}}]"}}, {"model": "auth.permission", "pk": 1, "fields": {"name": "Can add log entry", "content_type": 1, "codename": "add_logentry"}}, {"model": "auth.permission", "pk": 2, "fields": {"name": "Can change log entry", "content_type": 1, "codename": "change_logentry"}}, {"model": "auth.permission", "pk": 3, "fields": {"name": "Can delete log entry", "content_type": 1, "codename": "delete_logentry"}}, {"model": "auth.permission", "pk": 4, "fields": {"name": "Can view log entry", "content_type": 1, "codename": "view_logentry"}}, {"model": "auth.permission", "pk": 5, "fields": {"name": "Can add permission", "content_type": 2, "codename": "add_permission"}}, {"model": "auth.permission", "pk": 6, "fields": {"name": "Can change permission", "content_type": 2, "codename": "change_permission"}}, {"model": "auth.permission", "pk": 7, "fields": {"name": "Can delete permission", "content_type": 2, "codename": "delete_permission"}}, {"model": "auth.permission", "pk": 8, "fields": {"name": "Can view permission", "content_type": 2, "codename": "view_permission"}}, {"model": "auth.permission", "pk": 9, "fields": {"name": "Can add group", "content_type": 3, "codename": "add_group"}}, {"model": "auth.permission", "pk": 10, "fields": {"name": "Can change group", "content_type": 3, "codename": "change_group"}}, {"model": "auth.permission", "pk": 11, "fields": {"name": "Can delete group", "content_type": 3, "codename": "delete_group"}}, {"model": "auth.permission", "pk": 12, "fields": {"name": "Can view group", "content_type": 3, "codename": "view_group"}}, {"model": "auth.permission", "pk": 13, "fields": {"name": "Can add user", "content_type": 4, "codename": "add_user"}}, {"model": "auth.permission", "pk": 14, "fields": {"name": "Can change user", "content_type": 4, "codename": "change_user"}}, {"model": "auth.permission", "pk": 15, "fields": {"name": "Can delete user", "content_type": 4, "codename": "delete_user"}}, {"model": "auth.permission", "pk": 16, "fields": {"name": "Can view user", "content_type": 4, "codename": "view_user"}}, {"model": "auth.permission", "pk": 17, "fields": {"name": "Can add content type", "content_type": 5, "codename": "add_contenttype"}}, {"model": "auth.permission", "pk": 18, "fields": {"name": "Can change content type", "content_type": 5, "codename": "change_contenttype"}}, {"model": "auth.permission", "pk": 19, "fields": {"name": "Can delete content type", "content_type": 5, "codename": "delete_contenttype"}}, {"model": "auth.permission", "pk": 20, "fields": {"name": "Can view content type", "content_type": 5, "codename": "view_contenttype"}}, {"model": "auth.permission", "pk": 21, "fields": {"name": "Can add session", "content_type": 6, "codename": "add_session"}}, {"model": "auth.permission", "pk": 22, "fields": {"name": "Can change session", "content_type": 6, "codename": "change_session"}}, {"model": "auth.permission", "pk": 23, "fields": {"name": "Can delete session", "content_type": 6, "codename": "delete_session"}}, {"model": "auth.permission", "pk": 24, "fields": {"name": "Can view session", "content_type": 6, "codename": "view_session"}}, {"model": "auth.permission", "pk": 25, "fields": {"name": "Can add category", "content_type": 7, "codename": "add_category"}}, {"model": "auth.permission", "pk": 26, "fields": {"name": "Can change category", "content_type": 7, "codename": "change_category"}}, {"model": "auth.permission", "pk": 27, "fields": {"name": "Can delete category", "content_type": 7, "codename": "delete_category"}}, {"model": "auth.permission", "pk": 28, "fields": {"name": "Can view category", "content_type": 7, "codename": "view_category"}}, {"model": "auth.permission", "pk": 29, "fields": {"name": "Can add products", "content_type": 8, "codename": "add_products"}}, {"model": "auth.permission", "pk": 30, "fields": {"name": "Can change products", "content_type": 8, "codename": "change_products"}}, {"model": "auth.permission", "pk": 31, "fields": {"name": "Can delete products", "content_type": 8, "codename": "delete_products"}}, {"model": "auth.permission", "pk": 32, "fields": {"name": "Can view products", "content_type": 8, "codename": "view_products"}}, {"model": "auth.permission", "pk": 33, "fields": {"name": "Can add sales", "content_type": 9, "codename": "add_sales"}}, {"model": "auth.permission", "pk": 34, "fields": {"name": "Can change sales", "content_type": 9, "codename": "change_sales"}}, {"model": "auth.permission", "pk": 35, "fields": {"name": "Can delete sales", "content_type": 9, "codename": "delete_sales"}}, {"model": "auth.permission", "pk": 36, "fields": {"name": "Can view sales", "content_type": 9, "codename": "view_sales"}}, {"model": "auth.permission", "pk": 37, "fields": {"name": "Can add sales items", "content_type": 10, "codename": "add_salesitems"}}, {"model": "auth.permission", "pk": 38, "fields": {"name": "Can change sales items", "content_type": 10, "codename": "change_salesitems"}}, {"model": "auth.permission", "pk": 39, "fields": {"name": "Can delete sales items", "content_type": 10, "codename": "delete_salesitems"}}, {"model": "auth.permission", "pk": 40, "fields": {"name": "Can view sales items", "content_type": 10, "codename": "view_salesitems"}}, {"model": "auth.permission", "pk": 41, "fields": {"name": "Can add department", "content_type": 11, "codename": "add_department"}}, {"model": "auth.permission", "pk": 42, "fields": {"name": "Can change department", "content_type": 11, "codename": "change_department"}}, {"model": "auth.permission", "pk": 43, "fields": {"name": "Can delete department", "content_type": 11, "codename": "delete_department"}}, {"model": "auth.permission", "pk": 44, "fields": {"name": "Can view department", "content_type": 11, "codename": "view_department"}}, {"model": "auth.permission", "pk": 45, "fields": {"name": "Can add position", "content_type": 12, "codename": "add_position"}}, {"model": "auth.permission", "pk": 46, "fields": {"name": "Can change position", "content_type": 12, "codename": "change_position"}}, {"model": "auth.permission", "pk": 47, "fields": {"name": "Can delete position", "content_type": 12, "codename": "delete_position"}}, {"model": "auth.permission", "pk": 48, "fields": {"name": "Can view position", "content_type": 12, "codename": "view_position"}}, {"model": "auth.permission", "pk": 49, "fields": {"name": "Can add user role", "content_type": 13, "codename": "add_userrole"}}, {"model": "auth.permission", "pk": 50, "fields": {"name": "Can change user role", "content_type": 13, "codename": "change_userrole"}}, {"model": "auth.permission", "pk": 51, "fields": {"name": "Can delete user role", "content_type": 13, "codename": "delete_userrole"}}, {"model": "auth.permission", "pk": 52, "fields": {"name": "Can view user role", "content_type": 13, "codename": "view_userrole"}}, {"model": "auth.permission", "pk": 53, "fields": {"name": "Can add employee", "content_type": 14, "codename": "add_employee"}}, {"model": "auth.permission", "pk": 54, "fields": {"name": "Can change employee", "content_type": 14, "codename": "change_employee"}}, {"model": "auth.permission", "pk": 55, "fields": {"name": "Can delete employee", "content_type": 14, "codename": "delete_employee"}}, {"model": "auth.permission", "pk": 56, "fields": {"name": "Can view employee", "content_type": 14, "codename": "view_employee"}}, {"model": "auth.user", "pk": 1, "fields": {"password": "pbkdf2_sha256$600000$DVQMV40vp0Fw2ZwJyZYqIp$PsmP9roqUXjYILdE4QsdYzEeWC8guAgP39P3MqGXDqI=", "last_login": "2025-08-12T09:17:13.479Z", "is_superuser": true, "username": "admin", "first_name": "Administrator", "last_name": "", "email": "admin@admin.com", "is_staff": true, "is_active": true, "date_joined": "2022-03-04T01:27:51Z", "groups": [], "user_permissions": []}}, {"model": "auth.user", "pk": 2, "fields": {"password": "pbkdf2_sha256$600000$UICxaaXXDmcJMOCMmqp9YZ$2gjY0jrUOWnKr7+B9ihntAcWFqhSaRCIqcmm7pIp8Yw=", "last_login": null, "is_superuser": false, "username": "alfred", "first_name": "", "last_name": "", "email": "", "is_staff": false, "is_active": true, "date_joined": "2025-05-07T14:19:11.312Z", "groups": [], "user_permissions": []}}, {"model": "auth.user", "pk": 3, "fields": {"password": "pbkdf2_sha256$600000$lffSemobWO3GuA5nasYrF6$Ao4rmc1PuAEedCL79qc5SgUsFWy+xJbpm/BVajnlyBg=", "last_login": null, "is_superuser": false, "username": "waiter1", "first_name": "John", "last_name": "Doe", "email": "waiter@example.com", "is_staff": false, "is_active": true, "date_joined": "2025-05-27T16:39:20.370Z", "groups": [], "user_permissions": []}}, {"model": "auth.user", "pk": 4, "fields": {"password": "pbkdf2_sha256$600000$B0Jg7uvct40l5iic2xqjSC$B0Ew2W3xypsNcm51EglqtROOEj0vAaoZJDFQk+Uls3k=", "last_login": null, "is_superuser": false, "username": "manager1", "first_name": "Jane", "last_name": "Smith", "email": "manager@example.com", "is_staff": false, "is_active": true, "date_joined": "2025-05-27T16:39:37.861Z", "groups": [], "user_permissions": []}}, {"model": "auth.user", "pk": 5, "fields": {"password": "pbkdf2_sha256$600000$ip1wSCwrkI7Ft9MTtR6OXv$d0R7c4fLIiHugODG0Wswep3vu5J4i8xhK9R47iKKLLY=", "last_login": null, "is_superuser": false, "username": "alfredmm", "first_name": "Alfred", "last_name": "M", "email": "alfred@test.com", "is_staff": false, "is_active": true, "date_joined": "2025-05-29T14:44:24Z", "groups": [], "user_permissions": []}}, {"model": "contenttypes.contenttype", "pk": 1, "fields": {"app_label": "admin", "model": "logentry"}}, {"model": "contenttypes.contenttype", "pk": 2, "fields": {"app_label": "auth", "model": "permission"}}, {"model": "contenttypes.contenttype", "pk": 3, "fields": {"app_label": "auth", "model": "group"}}, {"model": "contenttypes.contenttype", "pk": 4, "fields": {"app_label": "auth", "model": "user"}}, {"model": "contenttypes.contenttype", "pk": 5, "fields": {"app_label": "contenttypes", "model": "contenttype"}}, {"model": "contenttypes.contenttype", "pk": 6, "fields": {"app_label": "sessions", "model": "session"}}, {"model": "contenttypes.contenttype", "pk": 7, "fields": {"app_label": "posApp", "model": "category"}}, {"model": "contenttypes.contenttype", "pk": 8, "fields": {"app_label": "posApp", "model": "products"}}, {"model": "contenttypes.contenttype", "pk": 9, "fields": {"app_label": "posApp", "model": "sales"}}, {"model": "contenttypes.contenttype", "pk": 10, "fields": {"app_label": "posApp", "model": "salesitems"}}, {"model": "contenttypes.contenttype", "pk": 11, "fields": {"app_label": "posApp", "model": "department"}}, {"model": "contenttypes.contenttype", "pk": 12, "fields": {"app_label": "posApp", "model": "position"}}, {"model": "contenttypes.contenttype", "pk": 13, "fields": {"app_label": "posApp", "model": "userrole"}}, {"model": "contenttypes.contenttype", "pk": 14, "fields": {"app_label": "posApp", "model": "employee"}}, {"model": "sessions.session", "pk": "0nzpetxnzpx7baknc5wln3f1x8c8g9yf", "fields": {"session_data": ".eJxVjDkOwjAUBe_iGln5eA0lfc4Q2X_BAeRIcVIh7g6RUkD7Zua91Ji2tYxb42WcSF0UqNPvlhM-uO6A7qneZo1zXZcp613RB216mImf18P9OyiplW8dTZfESEC0PVKUzoEzZ7BZmAC9eOxizIFNsIF6AUbgAA68dZ6ME_X-AOyYN-A:1ugesW:uR-mubeyo950uxK1_Y43XgJU4cUma_Z--hGbTICVzKw", "expire_date": "2025-08-12T07:36:04.621Z"}}, {"model": "sessions.session", "pk": "42kpzfv40h8gbmxmswvhiuwehw9z26dj", "fields": {"session_data": ".eJxVjDsOwjAQBe_iGlmsHZaYkj5niPZnHECJFCcV4u4QKQW0b2bey_W0LqVfq839oO7iwB1-NyZ52LgBvdN4m7xM4zIP7DfF77T6blJ7Xnf376BQLd-aORpgQyYptAFRTaAVPAWO2GQWPqekQtIKC9BRkyqkADFjZkuC7v0BCD05JQ:1nQMjp:EUgjIh2W65Dd3daWFYb8MN6WfNnLhF09MtTju5V01S4", "expire_date": "2022-03-19T05:13:53.055Z"}}, {"model": "sessions.session", "pk": "43qjtmf7ctcjipo6w7vqjvcp9gkeov3s", "fields": {"session_data": ".eJxVjDkOwjAUBe_iGln5eA0lfc4Q2X_BAeRIcVIh7g6RUkD7Zua91Ji2tYxb42WcSF0UqNPvlhM-uO6A7qneZo1zXZcp613RB216mImf18P9OyiplW8dTZfESEC0PVKUzoEzZ7BZmAC9eOxizIFNsIF6AUbgAA68dZ6ME_X-AOyYN-A:1uaASA:L725V6-8d-aCN6rTlzpeub447H-kHkTGNcf_QAsHpTk", "expire_date": "2025-07-25T09:54:02.968Z"}}, {"model": "sessions.session", "pk": "9j5tbplpxoj4cd5jo4lxu9fajtlsximm", "fields": {"session_data": ".eJxVjDsOwjAQBe_iGlmsHZaYkj5niPZnHECJFCcV4u4QKQW0b2bey_W0LqVfq839oO7iwB1-NyZ52LgBvdN4m7xM4zIP7DfF77T6blJ7Xnf376BQLd-aORpgQyYptAFRTaAVPAWO2GQWPqekQtIKC9BRkyqkADFjZkuC7v0BCD05JQ:1nPxCE:YgjhEZlsGheHlT-WbhRr9LqX7VbbtQCVzrQPYA65xbQ", "expire_date": "2022-03-18T01:57:30.559Z"}}, {"model": "sessions.session", "pk": "cifris5xzr5mgkw2ugtao3os3nxvkuxl", "fields": {"session_data": ".eJxVjDkOwjAUBe_iGln5eA0lfc4Q2X_BAeRIcVIh7g6RUkD7Zua91Ji2tYxb42WcSF0UqNPvlhM-uO6A7qneZo1zXZcp613RB216mImf18P9OyiplW8dTZfESEC0PVKUzoEzZ7BZmAC9eOxizIFNsIF6AUbgAA68dZ6ME_X-AOyYN-A:1uL3k3:XSxTDr2sDrI32aYjiS2AAQ5T7ndC2qpRovmwVu04R80", "expire_date": "2025-06-13T17:42:03.450Z"}}, {"model": "sessions.session", "pk": "fwrdf3etzwng5qlgtzz50bhd8r4zvoqg", "fields": {"session_data": ".eJxVjEEOwiAQRe_C2pBWEAaX7j0DGZgZqRpISrsy3l2bdKHb_977LxVxXUpcO89xInVWozr8bgnzg-sG6I711nRudZmnpDdF77TrayN-Xnb376BgL986o_VgTZDBsk8CJjnrHIhgAKSMmMHAQOxZwomS9YYFLDjjiEfmo3p_APt8OLw:1uJsmV:aThys89jAA20NoX9BtwUAmkKRRyl9BPBdMDEEkRgvCo", "expire_date": "2025-06-10T11:47:43.778Z"}}, {"model": "sessions.session", "pk": "h8qjeyrypm3fnsbwi6wjf7mybm0q58oa", "fields": {"session_data": ".eJxVjDkOwjAUBe_iGln5eA0lfc4Q2X_BAeRIcVIh7g6RUkD7Zua91Ji2tYxb42WcSF0UqNPvlhM-uO6A7qneZo1zXZcp613RB216mImf18P9OyiplW8dTZfESEC0PVKUzoEzZ7BZmAC9eOxizIFNsIF6AUbgAA68dZ6ME_X-AOyYN-A:1uaAS8:OV2EFMu6vGdgd5GRGl-RKy81jAvGuiI5eBZE5Izpb0M", "expire_date": "2025-07-25T09:54:00.203Z"}}, {"model": "sessions.session", "pk": "nhu7r7js1d2hqkwxvgfd0d08ynjd8b2b", "fields": {"session_data": ".eJxVjEEOwiAQRe_C2pBWEAaX7j0DGZgZqRpISrsy3l2bdKHb_977LxVxXUpcO89xInVWozr8bgnzg-sG6I711nRudZmnpDdF77TrayN-Xnb376BgL986o_VgTZDBsk8CJjnrHIhgAKSMmMHAQOxZwomS9YYFLDjjiEfmo3p_APt8OLw:1uKITj:8JhyjPOoYDzNCuvSCnOGZoEERVayloGRBEQl39Z-hFg", "expire_date": "2025-06-11T15:14:03.476Z"}}, {"model": "sessions.session", "pk": "s74umq5u4op8kppuofa4jd3a5t9fsx76", "fields": {"session_data": ".eJxVjEEOwiAQRe_C2pBWEAaX7j0DGZgZqRpISrsy3l2bdKHb_977LxVxXUpcO89xInVWozr8bgnzg-sG6I711nRudZmnpDdF77TrayN-Xnb376BgL986o_VgTZDBsk8CJjnrHIhgAKSMmMHAQOxZwomS9YYFLDjjiEfmo3p_APt8OLw:1uAtY7:0OP36hs-V57aJTAUMqcEyNy1vAwzx_xtz6VArsgiczY", "expire_date": "2025-05-16T16:47:43.789Z"}}, {"model": "sessions.session", "pk": "sed5b6ubw8d4vc7q5dxxfku5uhzhbs7q", "fields": {"session_data": ".eJxVjMsOwiAQRf-FtSHAyMule7-BDMxUqoYmpV0Z_92QdKHbe865b5Fw32raO69pJnERWpx-t4zlyW0AemC7L7IsbVvnLIciD9rlbSF-XQ_376Bir6NGzVZnT8aBwqn4QNr4qUCMkX2Mrihw2hploRBmG7w1bDxrCmDPYMTnC9umNxo:1uKjxD:YT_LHwZxuALiWiJOVff-rrcTsv14TSeG9BDXxlcBVZg", "expire_date": "2025-06-12T20:34:19.913Z"}}, {"model": "sessions.session", "pk": "tdsyfttq8nsv019w356krlt2ffjorlqn", "fields": {"session_data": ".eJxVjDsOwjAQBe_iGlmsHZaYkj5niPZnHECJFCcV4u4QKQW0b2bey_W0LqVfq839oO7iwB1-NyZ52LgBvdN4m7xM4zIP7DfF77T6blJ7Xnf376BQLd-aORpgQyYptAFRTaAVPAWO2GQWPqekQtIKC9BRkyqkADFjZkuC7v0BCD05JQ:1nQIKi:RIJblgwCzcQzouAAaaMWB1-Mp4oUuciyiDce6TqXLNI", "expire_date": "2022-03-19T00:31:40.966Z"}}, {"model": "sessions.session", "pk": "u7p3ner0xhyp4ob58nsv2b0jkqo3xlrr", "fields": {"session_data": ".eJxVjDkOwjAUBe_iGln5eA0lfc4Q2X_BAeRIcVIh7g6RUkD7Zua91Ji2tYxb42WcSF0UqNPvlhM-uO6A7qneZo1zXZcp613RB216mImf18P9OyiplW8dTZfESEC0PVKUzoEzZ7BZmAC9eOxizIFNsIF6AUbgAA68dZ6ME_X-AOyYN-A:1ugesU:XODzz0oAqtvIPj-5bVhlXi5iSJL30Xi6MRQ8I3FXyO4", "expire_date": "2025-08-12T07:36:02.080Z"}}, {"model": "sessions.session", "pk": "uj1l8qrk3yvcchn5inehs9c3a29n4xqr", "fields": {"session_data": ".eJxVjDkOwjAUBe_iGln5eA0lfc4Q2X_BAeRIcVIh7g6RUkD7Zua91Ji2tYxb42WcSF0UqNPvlhM-uO6A7qneZo1zXZcp613RB216mImf18P9OyiplW8dTZfESEC0PVKUzoEzZ7BZmAC9eOxizIFNsIF6AUbgAA68dZ6ME_X-AOyYN-A:1ull85:CX5XGrc4rOarwq3o2wOmDsGYy9-Dhh4VFc6iwT1VPkE", "expire_date": "2025-08-26T09:17:13.612Z"}}, {"model": "posApp.category", "pk": 1, "fields": {"name": "Can Goods", "description": "This is in-can goods categories. See more", "status": 1, "date_added": "2022-03-04T02:30:24.377Z", "date_updated": "2022-03-04T02:30:24.377Z"}}, {"model": "posApp.category", "pk": 2, "fields": {"name": "Cold Drinks", "description": "This is a Drink Categories", "status": 1, "date_added": "2022-03-04T02:31:17.777Z", "date_updated": "2022-03-04T02:31:17.778Z"}}, {"model": "posApp.category", "pk": 3, "fields": {"name": "Dry Goods", "description": "This is for the dry goods products", "status": 1, "date_added": "2022-03-04T02:31:50.358Z", "date_updated": "2022-03-04T02:31:50.358Z"}}, {"model": "posApp.category", "pk": 4, "fields": {"name": "Breakfast", "description": "This is for Breakfast & Cereal Products", "status": 1, "date_added": "2022-03-04T02:32:35.746Z", "date_updated": "2022-03-04T02:32:35.747Z"}}, {"model": "posApp.category", "pk": 12, "fields": {"name": "Main Meal", "description": "Main menu", "status": 1, "date_added": "2025-05-27T12:03:35.075Z", "date_updated": "2025-05-27T12:03:35.078Z"}}, {"model": "posApp.category", "pk": 13, "fields": {"name": "Beverages", "description": "Beverages", "status": 1, "date_added": "2025-05-27T12:04:53.072Z", "date_updated": "2025-05-27T12:04:53.072Z"}}, {"model": "posApp.category", "pk": 14, "fields": {"name": "Snacks", "description": "Snacks category", "status": 1, "date_added": "2025-05-27T12:53:26.154Z", "date_updated": "2025-05-27T12:53:26.155Z"}}, {"model": "posApp.category", "pk": 15, "fields": {"name": "Great Combos", "description": "Great combos", "status": 1, "date_added": "2025-05-27T12:59:59.581Z", "date_updated": "2025-05-27T12:59:59.581Z"}}, {"model": "posApp.products", "pk": 10, "fields": {"code": "PROD-0001", "category_id": 4, "name": "African Tea", "description": "Milk and Tea Leaves, Cooked. Sugar not added", "price": 30.0, "status": 1, "date_added": "2025-05-27T12:22:00.983Z", "date_updated": "2025-05-27T12:22:00.985Z"}}, {"model": "posApp.products", "pk": 12, "fields": {"code": "PROD-0003", "category_id": 4, "name": "Lemon Tea", "description": "Lemon Tea - Black tea with lemon", "price": 50.0, "status": 1, "date_added": "2025-05-27T12:25:02.189Z", "date_updated": "2025-05-27T12:25:02.189Z"}}, {"model": "posApp.products", "pk": 18, "fields": {"code": "PROD-0009", "category_id": 1, "name": "Fanta Orange - Soda - 300 ML", "description": "Fanta Orange Soda 300 ML", "price": 50.0, "status": 1, "date_added": "2025-05-27T12:29:04.732Z", "date_updated": "2025-05-27T12:29:04.737Z"}}, {"model": "posApp.products", "pk": 19, "fields": {"code": "PROD-0010", "category_id": 1, "name": "Fanta Passion - Soda - 300 ML", "description": "Tanta Passion Soda - 300 ML", "price": 50.0, "status": 1, "date_added": "2025-05-27T12:29:34.661Z", "date_updated": "2025-05-27T12:29:34.664Z"}}, {"model": "posApp.products", "pk": 20, "fields": {"code": "PROD-0011", "category_id": 2, "name": "Afia - 300ml", "description": "Afia - 300 ml", "price": 70.0, "status": 1, "date_added": "2025-05-27T12:30:03.488Z", "date_updated": "2025-05-27T12:30:03.493Z"}}, {"model": "posApp.products", "pk": 21, "fields": {"code": "PROD-0012", "category_id": 2, "name": "Afia - 1litre", "description": "Afia- 1 litre", "price": 120.0, "status": 1, "date_added": "2025-05-27T12:30:37.471Z", "date_updated": "2025-05-27T12:30:37.478Z"}}, {"model": "posApp.products", "pk": 22, "fields": {"code": "PROD-0013", "category_id": 2, "name": "Minute Maid - 300 ml", "description": "MInute maid 300 ML", "price": 60.0, "status": 1, "date_added": "2025-05-27T12:31:17.360Z", "date_updated": "2025-05-27T12:31:17.365Z"}}, {"model": "posApp.products", "pk": 23, "fields": {"code": "PROD-0014", "category_id": 2, "name": "Minute Maid -500 ml", "description": "Minute maid 500 ml", "price": 80.0, "status": 1, "date_added": "2025-05-27T12:31:44.774Z", "date_updated": "2025-05-27T12:31:44.784Z"}}, {"model": "posApp.products", "pk": 24, "fields": {"code": "PROD-0015", "category_id": 1, "name": "Novida - 500 ml", "description": "Novida - 500 ml", "price": 70.0, "status": 1, "date_added": "2025-05-27T12:32:30.925Z", "date_updated": "2025-05-27T12:32:30.928Z"}}, {"model": "posApp.products", "pk": 25, "fields": {"code": "PROD-0016", "category_id": 2, "name": "Mango Juice - Small", "description": "Mango Juice - Small", "price": 60.0, "status": 1, "date_added": "2025-05-27T12:33:23.297Z", "date_updated": "2025-05-27T12:33:23.301Z"}}, {"model": "posApp.products", "pk": 26, "fields": {"code": "PROD-0017", "category_id": 2, "name": "Mango Juice - Big", "description": "Mango Juice - Big", "price": 100.0, "status": 1, "date_added": "2025-05-27T12:33:38.937Z", "date_updated": "2025-05-27T12:33:38.938Z"}}, {"model": "posApp.products", "pk": 27, "fields": {"code": "PROD-0018", "category_id": 1, "name": "Passion Juice - Small", "description": "Passion Juice Small", "price": 60.0, "status": 1, "date_added": "2025-05-27T12:34:00.837Z", "date_updated": "2025-05-27T12:34:00.846Z"}}, {"model": "posApp.products", "pk": 28, "fields": {"code": "PROD-0019", "category_id": 2, "name": "Passion Juice - Big", "description": "Passion Juice - Big", "price": 100.0, "status": 1, "date_added": "2025-05-27T12:34:18.310Z", "date_updated": "2025-05-27T12:34:18.775Z"}}, {"model": "posApp.products", "pk": 29, "fields": {"code": "PROD-0020", "category_id": 1, "name": "Pineapple Juice - Small", "description": "Pineapple Juice - Small", "price": 60.0, "status": 1, "date_added": "2025-05-27T12:34:49.318Z", "date_updated": "2025-05-27T12:34:49.325Z"}}, {"model": "posApp.products", "pk": 30, "fields": {"code": "PROD-0021", "category_id": 2, "name": "Pineapple Juice - Big", "description": "Pineapple Juice - Big", "price": 100.0, "status": 1, "date_added": "2025-05-27T12:35:06.901Z", "date_updated": "2025-05-27T12:35:06.905Z"}}, {"model": "posApp.products", "pk": 31, "fields": {"code": "PROD-0022", "category_id": 1, "name": "Grape Juice - Small", "description": "Grape Juice - Small", "price": 60.0, "status": 1, "date_added": "2025-05-27T12:35:25.875Z", "date_updated": "2025-05-27T12:35:25.880Z"}}, {"model": "posApp.products", "pk": 32, "fields": {"code": "PROD-0023", "category_id": 1, "name": "Grape Juice - Big", "description": "Grape Juice - Big", "price": 100.0, "status": 1, "date_added": "2025-05-27T12:35:44.959Z", "date_updated": "2025-05-27T12:35:44.966Z"}}, {"model": "posApp.products", "pk": 33, "fields": {"code": "PROD-0024", "category_id": 2, "name": "Fanta Blackcurrent - 300ml", "description": "Fanta Blackcurrent - 300ml", "price": 50.0, "status": 1, "date_added": "2025-05-27T12:45:55.691Z", "date_updated": "2025-05-27T12:45:55.694Z"}}, {"model": "posApp.products", "pk": 34, "fields": {"code": "PROD-0025", "category_id": 2, "name": "Cocacola- Soda - 300ml", "description": "Cocacola- Soda - 300ml", "price": 50.0, "status": 1, "date_added": "2025-05-27T12:46:23.173Z", "date_updated": "2025-05-27T12:46:23.177Z"}}, {"model": "posApp.products", "pk": 35, "fields": {"code": "PROD-0026", "category_id": 2, "name": "Sprite - Soda - 300ml", "description": "Sprite - Soda - 300ml", "price": 50.0, "status": 1, "date_added": "2025-05-27T12:46:42.788Z", "date_updated": "2025-05-27T12:46:42.791Z"}}, {"model": "posApp.products", "pk": 36, "fields": {"code": "PROD-0027", "category_id": 2, "name": "Krest - Soda - 300ml", "description": "Krest - Soda - 300ml", "price": 50.0, "status": 1, "date_added": "2025-05-27T12:47:04.648Z", "date_updated": "2025-05-27T12:47:04.651Z"}}, {"model": "posApp.products", "pk": 37, "fields": {"code": "PROD-0028", "category_id": 4, "name": "Maandazi", "description": "Maandazi", "price": 10.0, "status": 1, "date_added": "2025-05-27T12:48:29.120Z", "date_updated": "2025-05-27T12:48:29.126Z"}}, {"model": "posApp.products", "pk": 38, "fields": {"code": "PROD-0029", "category_id": 4, "name": "Chapati", "description": "Chapati", "price": 20.0, "status": 1, "date_added": "2025-05-27T12:48:57.945Z", "date_updated": "2025-05-27T12:48:57.948Z"}}, {"model": "posApp.products", "pk": 39, "fields": {"code": "PROD-0030", "category_id": 4, "name": "Doughtnut", "description": "Doughtnut", "price": 20.0, "status": 1, "date_added": "2025-05-27T12:49:16.606Z", "date_updated": "2025-05-27T12:49:16.608Z"}}, {"model": "posApp.products", "pk": 40, "fields": {"code": "PROD-0031", "category_id": 4, "name": " Spring Rolls", "description": " Spring Rolls", "price": 50.0, "status": 1, "date_added": "2025-05-27T12:50:25.257Z", "date_updated": "2025-05-27T12:50:25.260Z"}}, {"model": "posApp.products", "pk": 41, "fields": {"code": "PROD-0032", "category_id": 4, "name": "Mahamri", "description": "Mahamri", "price": 10.0, "status": 1, "date_added": "2025-05-27T12:50:46.382Z", "date_updated": "2025-05-27T12:50:46.387Z"}}, {"model": "posApp.products", "pk": 42, "fields": {"code": "PROD-0033", "category_id": 2, "name": "Boiled eggs", "description": "Boiled eggs", "price": 30.0, "status": 1, "date_added": "2025-05-27T12:51:26.388Z", "date_updated": "2025-05-27T12:51:26.397Z"}}, {"model": "posApp.products", "pk": 43, "fields": {"code": "PROD-0034", "category_id": 4, "name": "Cutlets", "description": "Cutlets", "price": 50.0, "status": 1, "date_added": "2025-05-27T12:52:03.176Z", "date_updated": "2025-05-27T12:52:03.183Z"}}, {"model": "posApp.products", "pk": 44, "fields": {"code": "PROD-0035", "category_id": 4, "name": "Mitai", "description": "Mitai", "price": 10.0, "status": 1, "date_added": "2025-05-27T12:52:34.968Z", "date_updated": "2025-05-27T12:52:34.972Z"}}, {"model": "posApp.products", "pk": 45, "fields": {"code": "PROD-0036", "category_id": 14, "name": "Smokie", "description": "Smokie", "price": 40.0, "status": 1, "date_added": "2025-05-27T12:54:00.415Z", "date_updated": "2025-05-27T12:54:00.420Z"}}, {"model": "posApp.products", "pk": 46, "fields": {"code": "PROD-0037", "category_id": 14, "name": "Samosa", "description": "Samosa", "price": 40.0, "status": 1, "date_added": "2025-05-27T12:54:15.826Z", "date_updated": "2025-05-27T12:54:15.829Z"}}, {"model": "posApp.products", "pk": 47, "fields": {"code": "PROD-0038", "category_id": 14, "name": "Sausage", "description": "Sausage", "price": 50.0, "status": 1, "date_added": "2025-05-27T12:54:45.806Z", "date_updated": "2025-05-27T12:54:45.809Z"}}, {"model": "posApp.products", "pk": 48, "fields": {"code": "PROD-0039", "category_id": 14, "name": "Viazi Karai", "description": "Viazi Karai", "price": 60.0, "status": 1, "date_added": "2025-05-27T12:55:18.055Z", "date_updated": "2025-05-27T12:55:18.058Z"}}, {"model": "posApp.products", "pk": 49, "fields": {"code": "PROD-0040", "category_id": 1, "name": " Seasoned Chips + Sauce", "description": "Regular;  Chilli Lemon;  Barbeque;  Salt & Vinegar;  \r\n\r\nTomato Spiced;  Tangy Lemon;  Cheese & Onion;\r\n\r\n Red Hot Chilli", "price": 130.0, "status": 1, "date_added": "2025-05-27T12:56:06.210Z", "date_updated": "2025-05-27T12:56:06.214Z"}}, {"model": "posApp.products", "pk": 50, "fields": {"code": "PROD-0041", "category_id": 1, "name": " Chips Masala", "description": " Regular;  Sweet Chilli", "price": 180.0, "status": 1, "date_added": "2025-05-27T12:56:27.121Z", "date_updated": "2025-05-27T12:56:27.123Z"}}, {"model": "posApp.products", "pk": 51, "fields": {"code": "PROD-0042", "category_id": 12, "name": "Pilau", "description": "Without Dish", "price": 160.0, "status": 1, "date_added": "2025-05-27T12:58:05.190Z", "date_updated": "2025-05-27T12:58:05.195Z"}}, {"model": "posApp.products", "pk": 52, "fields": {"code": "PROD-0043", "category_id": 12, "name": "Pilau Mix (Chips & Pilau)", "description": "Pilau Mix (Chips & Pilau) - Without Dish", "price": 160.0, "status": 1, "date_added": "2025-05-27T12:58:33.000Z", "date_updated": "2025-05-27T12:58:33.012Z"}}, {"model": "posApp.products", "pk": 53, "fields": {"code": "PROD-0044", "category_id": 1, "name": " Chicken (1/4)", "description": " Chicken (1/4)", "price": 200.0, "status": 1, "date_added": "2025-05-27T12:58:52.041Z", "date_updated": "2025-05-27T12:58:52.057Z"}}, {"model": "posApp.products", "pk": 54, "fields": {"code": "PROD-0045", "category_id": 15, "name": "Chips Smokie + Sauce", "description": "Chips Smokie + Sauce", "price": 160.0, "status": 1, "date_added": "2025-05-27T13:00:39.028Z", "date_updated": "2025-05-27T13:00:39.031Z"}}, {"model": "posApp.products", "pk": 55, "fields": {"code": "PROD-0046", "category_id": 15, "name": "Chips Sausage + Sauce", "description": "Chips Sausage + Sauce", "price": 170.0, "status": 1, "date_added": "2025-05-27T13:00:54.111Z", "date_updated": "2025-05-27T13:00:54.115Z"}}, {"model": "posApp.products", "pk": 56, "fields": {"code": "PROD-0047", "category_id": 15, "name": "Chips Kebab + Sauce", "description": "Chips Kebab + Sauce", "price": 210.0, "status": 1, "date_added": "2025-05-27T13:01:17.278Z", "date_updated": "2025-05-27T13:01:17.284Z"}}, {"model": "posApp.products", "pk": 57, "fields": {"code": "PROD-0048", "category_id": 15, "name": " Chips Crispy Chicken + Sauce", "description": " Chips Crispy Chicken + Sauce", "price": 220.0, "status": 1, "date_added": "2025-05-27T13:01:35.765Z", "date_updated": "2025-05-27T13:01:35.767Z"}}, {"model": "posApp.products", "pk": 58, "fields": {"code": "PROD-0049", "category_id": 14, "name": "Kebab", "description": "Kebab", "price": 80.0, "status": 1, "date_added": "2025-05-27T13:02:19.729Z", "date_updated": "2025-05-27T13:02:19.732Z"}}, {"model": "posApp.products", "pk": 59, "fields": {"code": "PROD-0050", "category_id": 14, "name": " Crispy Chicken", "description": " Crispy Chicken", "price": 90.0, "status": 1, "date_added": "2025-05-27T13:02:44.625Z", "date_updated": "2025-05-27T13:02:44.633Z"}}, {"model": "posApp.sales", "pk": 24, "fields": {"code": "404400001", "sub_total": 695.0, "grand_total": 695.0, "tax_amount": 83.39999999999999, "tax": 12.0, "tendered_amount": 1000.0, "amount_change": 305.0, "date_added": "2022-03-04T08:35:57.609Z", "date_updated": "2022-03-04T08:35:57.610Z"}}, {"model": "posApp.sales", "pk": 25, "fields": {"code": "404400002", "sub_total": 725.0, "grand_total": 725.0, "tax_amount": 87.0, "tax": 12.0, "tendered_amount": 1000.0, "amount_change": 275.0, "date_added": "2022-03-05T00:34:10.674Z", "date_updated": "2022-03-05T00:34:10.674Z"}}, {"model": "posApp.sales", "pk": 27, "fields": {"code": "404400003", "sub_total": 6000.0, "grand_total": 6000.0, "tax_amount": 720.0, "tax": 12.0, "tendered_amount": 6000.0, "amount_change": 0.0, "date_added": "2022-03-05T01:54:26.474Z", "date_updated": "2022-03-05T01:54:26.475Z"}}, {"model": "posApp.sales", "pk": 29, "fields": {"code": "404400005", "sub_total": 863.25, "grand_total": 863.25, "tax_amount": 103.58999999999999, "tax": 12.0, "tendered_amount": 1000.0, "amount_change": 136.75, "date_added": "2022-03-05T02:48:56.301Z", "date_updated": "2022-03-05T02:48:56.301Z"}}, {"model": "posApp.sales", "pk": 30, "fields": {"code": "404400006", "sub_total": 1432.5, "grand_total": 1432.5, "tax_amount": 171.9, "tax": 12.0, "tendered_amount": 1500.0, "amount_change": 67.5, "date_added": "2022-03-05T03:10:07.853Z", "date_updated": "2022-03-05T03:10:07.853Z"}}, {"model": "posApp.sales", "pk": 31, "fields": {"code": "404400007", "sub_total": 4080.0, "grand_total": 4080.0, "tax_amount": 489.59999999999997, "tax": 12.0, "tendered_amount": 4100.0, "amount_change": 20.0, "date_added": "2022-03-05T05:18:05.987Z", "date_updated": "2022-03-05T05:18:05.988Z"}}, {"model": "posApp.sales", "pk": 32, "fields": {"code": "405000001", "sub_total": 158.85, "grand_total": 158.85, "tax_amount": 0.0, "tax": 0.0, "tendered_amount": 0.0, "amount_change": 0.0, "date_added": "2025-04-26T07:14:50.010Z", "date_updated": "2025-04-26T07:14:50.010Z"}}, {"model": "posApp.sales", "pk": 33, "fields": {"code": "405000002", "sub_total": 154.64999999999998, "grand_total": 154.64999999999998, "tax_amount": 7.732499999999999, "tax": 5.0, "tendered_amount": 0.0, "amount_change": 0.0, "date_added": "2025-04-26T09:32:44.487Z", "date_updated": "2025-04-26T09:32:44.496Z"}}, {"model": "posApp.sales", "pk": 34, "fields": {"code": "405000003", "sub_total": 411.55, "grand_total": 411.55, "tax_amount": 65.848, "tax": 16.0, "tendered_amount": 0.0, "amount_change": 0.0, "date_added": "2025-04-26T16:48:26.060Z", "date_updated": "2025-04-26T16:48:26.061Z"}}, {"model": "posApp.sales", "pk": 35, "fields": {"code": "405000004", "sub_total": 171.55, "grand_total": 171.55, "tax_amount": 0.0, "tax": 0.0, "tendered_amount": 0.0, "amount_change": 0.0, "date_added": "2025-04-26T17:15:34.323Z", "date_updated": "2025-04-26T17:15:34.329Z"}}, {"model": "posApp.sales", "pk": 36, "fields": {"code": "405000005", "sub_total": 163.05, "grand_total": 163.05, "tax_amount": 0.0, "tax": 0.0, "tendered_amount": 0.0, "amount_change": 0.0, "date_added": "2025-05-02T16:32:52.973Z", "date_updated": "2025-05-02T16:32:52.973Z"}}, {"model": "posApp.sales", "pk": 37, "fields": {"code": "405000006", "sub_total": 53.55, "grand_total": 53.55, "tax_amount": 0.0, "tax": 0.0, "tendered_amount": 0.0, "amount_change": 0.0, "date_added": "2025-05-02T16:49:03.554Z", "date_updated": "2025-05-02T16:49:03.554Z"}}, {"model": "posApp.sales", "pk": 38, "fields": {"code": "405000007", "sub_total": 50.0, "grand_total": 50.0, "tax_amount": 0.0, "tax": 0.0, "tendered_amount": 0.0, "amount_change": 0.0, "date_added": "2025-05-08T15:14:30.887Z", "date_updated": "2025-05-08T15:14:30.887Z"}}, {"model": "posApp.sales", "pk": 39, "fields": {"code": "405000008", "sub_total": 206.2, "grand_total": 206.2, "tax_amount": 0.0, "tax": 0.0, "tendered_amount": 0.0, "amount_change": 0.0, "date_added": "2025-05-08T15:15:07.775Z", "date_updated": "2025-05-08T15:15:07.776Z"}}, {"model": "posApp.sales", "pk": 40, "fields": {"code": "405000009", "sub_total": 40.0, "grand_total": 40.0, "tax_amount": 0.0, "tax": 0.0, "tendered_amount": 0.0, "amount_change": 0.0, "date_added": "2025-05-27T15:14:12.150Z", "date_updated": "2025-05-27T15:14:12.171Z"}}, {"model": "posApp.sales", "pk": 41, "fields": {"code": "405000010", "sub_total": 70.0, "grand_total": 70.0, "tax_amount": 0.0, "tax": 0.0, "tendered_amount": 0.0, "amount_change": 0.0, "date_added": "2025-05-27T15:15:11.943Z", "date_updated": "2025-05-27T15:15:11.943Z"}}, {"model": "posApp.sales", "pk": 42, "fields": {"code": "405000011", "sub_total": 30.0, "grand_total": 30.0, "tax_amount": 0.0, "tax": 0.0, "tendered_amount": 0.0, "amount_change": 0.0, "date_added": "2025-05-27T15:15:30.531Z", "date_updated": "2025-05-27T15:15:30.532Z"}}, {"model": "posApp.sales", "pk": 43, "fields": {"code": "405000012", "sub_total": 430.0, "grand_total": 430.0, "tax_amount": 0.0, "tax": 0.0, "tendered_amount": 0.0, "amount_change": 0.0, "date_added": "2025-05-27T15:15:58.854Z", "date_updated": "2025-05-27T15:15:58.855Z"}}, {"model": "posApp.sales", "pk": 44, "fields": {"code": "405000013", "sub_total": 80.0, "grand_total": 80.0, "tax_amount": 0.0, "tax": 0.0, "tendered_amount": 0.0, "amount_change": 0.0, "date_added": "2025-05-27T15:16:11.994Z", "date_updated": "2025-05-27T15:16:11.994Z"}}, {"model": "posApp.sales", "pk": 45, "fields": {"code": "405000014", "sub_total": 80.0, "grand_total": 80.0, "tax_amount": 0.0, "tax": 0.0, "tendered_amount": 0.0, "amount_change": 0.0, "date_added": "2025-05-27T15:19:35.506Z", "date_updated": "2025-05-27T15:19:35.506Z"}}, {"model": "posApp.sales", "pk": 47, "fields": {"code": "405000015", "sub_total": 80.0, "grand_total": 80.0, "tax_amount": 0.0, "tax": 0.0, "tendered_amount": 0.0, "amount_change": 0.0, "date_added": "2025-05-29T14:57:55.206Z", "date_updated": "2025-05-29T14:57:55.207Z"}}, {"model": "posApp.sales", "pk": 48, "fields": {"code": "405000016", "sub_total": 250.0, "grand_total": 250.0, "tax_amount": 0.0, "tax": 0.0, "tendered_amount": 0.0, "amount_change": 0.0, "date_added": "2025-05-29T20:31:17.000Z", "date_updated": "2025-05-29T20:31:17.007Z"}}, {"model": "posApp.sales", "pk": 49, "fields": {"code": "405000017", "sub_total": 100.0, "grand_total": 100.0, "tax_amount": 0.0, "tax": 0.0, "tendered_amount": 0.0, "amount_change": 0.0, "date_added": "2025-05-29T20:35:10.307Z", "date_updated": "2025-05-29T20:35:10.308Z"}}, {"model": "posApp.salesitems", "pk": 30, "fields": {"sale_id": 40, "product_id": 10, "price": 30.0, "qty": 1.0, "total": 30.0}}, {"model": "posApp.salesitems", "pk": 31, "fields": {"sale_id": 40, "product_id": 37, "price": 10.0, "qty": 1.0, "total": 10.0}}, {"model": "posApp.salesitems", "pk": 32, "fields": {"sale_id": 41, "product_id": 18, "price": 50.0, "qty": 1.0, "total": 50.0}}, {"model": "posApp.salesitems", "pk": 33, "fields": {"sale_id": 41, "product_id": 38, "price": 20.0, "qty": 1.0, "total": 20.0}}, {"model": "posApp.salesitems", "pk": 34, "fields": {"sale_id": 42, "product_id": 10, "price": 30.0, "qty": 1.0, "total": 30.0}}, {"model": "posApp.salesitems", "pk": 35, "fields": {"sale_id": 43, "product_id": 56, "price": 210.0, "qty": 2.0, "total": 420.0}}, {"model": "posApp.salesitems", "pk": 36, "fields": {"sale_id": 43, "product_id": 41, "price": 10.0, "qty": 1.0, "total": 10.0}}, {"model": "posApp.salesitems", "pk": 37, "fields": {"sale_id": 44, "product_id": 58, "price": 80.0, "qty": 1.0, "total": 80.0}}, {"model": "posApp.salesitems", "pk": 38, "fields": {"sale_id": 45, "product_id": 37, "price": 10.0, "qty": 3.0, "total": 30.0}}, {"model": "posApp.salesitems", "pk": 39, "fields": {"sale_id": 45, "product_id": 12, "price": 50.0, "qty": 1.0, "total": 50.0}}, {"model": "posApp.salesitems", "pk": 42, "fields": {"sale_id": 47, "product_id": 10, "price": 30.0, "qty": 1.0, "total": 30.0}}, {"model": "posApp.salesitems", "pk": 43, "fields": {"sale_id": 47, "product_id": 18, "price": 50.0, "qty": 1.0, "total": 50.0}}, {"model": "posApp.salesitems", "pk": 44, "fields": {"sale_id": 48, "product_id": 24, "price": 70.0, "qty": 1.0, "total": 70.0}}, {"model": "posApp.salesitems", "pk": 45, "fields": {"sale_id": 48, "product_id": 50, "price": 180.0, "qty": 1.0, "total": 180.0}}, {"model": "posApp.salesitems", "pk": 46, "fields": {"sale_id": 49, "product_id": 12, "price": 50.0, "qty": 1.0, "total": 50.0}}, {"model": "posApp.salesitems", "pk": 47, "fields": {"sale_id": 49, "product_id": 18, "price": 50.0, "qty": 1.0, "total": 50.0}}, {"model": "posApp.department", "pk": 1, "fields": {"name": "Kitchen", "description": "Food preparation", "date_added": "2025-05-27T16:38:54.437Z", "date_updated": "2025-05-27T16:38:54.454Z"}}, {"model": "posApp.department", "pk": 2, "fields": {"name": "Service", "description": "Customer service", "date_added": "2025-05-27T16:38:54.702Z", "date_updated": "2025-05-27T16:38:54.702Z"}}, {"model": "posApp.department", "pk": 3, "fields": {"name": "Management", "description": "Administration", "date_added": "2025-05-27T16:39:07.943Z", "date_updated": "2025-05-27T16:39:07.944Z"}}, {"model": "posApp.position", "pk": 1, "fields": {"name": "Waiter", "description": "Table service", "date_added": "2025-05-27T16:39:12.440Z", "date_updated": "2025-05-27T16:39:12.440Z"}}, {"model": "posApp.position", "pk": 2, "fields": {"name": "Manager", "description": "Restaurant management", "date_added": "2025-05-27T16:39:13.189Z", "date_updated": "2025-05-27T16:39:13.189Z"}}, {"model": "posApp.position", "pk": 3, "fields": {"name": "Cashier", "description": "Payment processing", "date_added": "2025-05-27T16:39:13.701Z", "date_updated": "2025-05-27T16:39:13.701Z"}}, {"model": "posApp.userrole", "pk": 1, "fields": {"user": 3, "role": "waiter", "is_active": true, "date_created": "2025-05-27T16:39:28.981Z"}}, {"model": "posApp.userrole", "pk": 2, "fields": {"user": 4, "role": "manager", "is_active": true, "date_created": "2025-05-27T16:40:40.666Z"}}]
